<application>
  <component name="TemplateSettings">
    <option name="deletedKeys">
      <list>
        <TemplateKey>
          <option name="groupName" value="Android" />
          <option name="key" value="Toast" />
        </TemplateKey>
        <TemplateKey>
          <option name="groupName" value="Android" />
          <option name="key" value="visible" />
        </TemplateKey>
        <TemplateKey>
          <option name="groupName" value="Android" />
          <option name="key" value="gone" />
        </TemplateKey>
      </list>
    </option>
  </component>
</application>