<application>
  <component name="GitRememberedInputs">
    <option name="visitedUrls">
      <list>
        <UrlAndUserName>
          <option name="url" value="http://gitlab.com" />
          <option name="userName" value="guravkalmeshwar96@gmail.com" />
        </UrlAndUserName>
        <UrlAndUserName>
          <option name="url" value="http://code.gozwing.com" />
          <option name="userName" value="kalmesh.g@gsl.in" />
        </UrlAndUserName>
        <UrlAndUserName>
          <option name="url" value="https://code.gozwing.com/root/test.git" />
          <option name="userName" value="" />
        </UrlAndUserName>
        <UrlAndUserName>
          <option name="url" value="git@code.gozwing.com:android/git-zwing-bolt.git" />
          <option name="userName" value="" />
        </UrlAndUserName>
        <UrlAndUserName>
          <option name="url" value="https://code.gozwing.com/root/git-android-cloudpos.git" />
          <option name="userName" value="" />
        </UrlAndUserName>
      </list>
    </option>
    <option name="cloneParentDir" value="/media/kalmesh/Work/GitlabProjects" />
  </component>
</application>