<keymap version="1" name="Android Studio" parent="Eclipse">
  <action id="Android.AnalyzeApk">
    <keyboard-shortcut first-keystroke="ctrl numpad3" />
  </action>
  <action id="Android.BuildApk">
    <keyboard-shortcut first-keystroke="ctrl numpad2" />
  </action>
  <action id="Android.CreateResourcesActionGroup">
    <keyboard-shortcut first-keystroke="ctrl alt r" />
  </action>
  <action id="Android.HotswapChanges">
    <keyboard-shortcut first-keystroke="ctrl f10" />
    <keyboard-shortcut first-keystroke="shift ctrl z" />
  </action>
  <action id="CleanGradleProject">
    <keyboard-shortcut first-keystroke="ctrl numpad0" />
  </action>
  <action id="CloseAllEditorsButActive">
    <keyboard-shortcut first-keystroke="shift ctrl f3" />
  </action>
  <action id="EditorLineEndWithSelection">
    <keyboard-shortcut first-keystroke="shift end" />
    <keyboard-shortcut first-keystroke="ctrl page_down" />
  </action>
  <action id="EditorLineStartWithSelection">
    <keyboard-shortcut first-keystroke="shift home" />
    <keyboard-shortcut first-keystroke="ctrl page_up" />
  </action>
  <action id="EditorPasteFromX11">
    <mouse-shortcut keystroke="button2" />
    <keyboard-shortcut first-keystroke="ctrl back_slash" />
  </action>
  <action id="GoToMenu">
    <keyboard-shortcut first-keystroke="ctrl alt slash" />
  </action>
  <action id="GotoNextBookmark">
    <keyboard-shortcut first-keystroke="ctrl comma" />
  </action>
  <action id="GotoPreviousBookmark">
    <keyboard-shortcut first-keystroke="shift ctrl comma" />
  </action>
  <action id="NewAndroidVectorAsset">
    <keyboard-shortcut first-keystroke="alt v" />
  </action>
  <action id="NewClass">
    <keyboard-shortcut first-keystroke="alt m" />
  </action>
  <action id="NewDir">
    <keyboard-shortcut first-keystroke="alt d" />
  </action>
  <action id="NextTab">
    <keyboard-shortcut first-keystroke="ctrl f6" />
    <keyboard-shortcut first-keystroke="alt n" />
  </action>
  <action id="PreviousTab">
    <keyboard-shortcut first-keystroke="shift ctrl f6" />
    <keyboard-shortcut first-keystroke="ctrl alt n" />
  </action>
  <action id="RebuildGradleProject">
    <keyboard-shortcut first-keystroke="ctrl numpad1" />
  </action>
  <action id="RecentChanges">
    <keyboard-shortcut first-keystroke="shift ctrl alt e" />
  </action>
  <action id="RenameFile">
    <keyboard-shortcut first-keystroke="shift alt q" />
  </action>
  <action id="ReplaceInPath">
    <keyboard-shortcut first-keystroke="alt h" />
  </action>
  <action id="SwitchApply">
    <keyboard-shortcut first-keystroke="shift alt enter" />
  </action>
  <action id="SwitchDown">
    <keyboard-shortcut first-keystroke="shift alt down" />
  </action>
  <action id="SwitchLeft">
    <keyboard-shortcut first-keystroke="shift alt left" />
  </action>
  <action id="SwitchRight">
    <keyboard-shortcut first-keystroke="shift alt right" />
  </action>
  <action id="SwitchUp">
    <keyboard-shortcut first-keystroke="shift alt up" />
  </action>
  <action id="UpdateRunningApplication" />
  <action id="Vcs.Push" />
  <action id="android.deploy.ApplyChanges">
    <keyboard-shortcut first-keystroke="ctrl f10" />
  </action>
  <action id="android.deploy.CodeSwap">
    <keyboard-shortcut first-keystroke="ctrl alt f10" />
  </action>
  <action id="template.create.ActivityEmpty Activity">
    <keyboard-shortcut first-keystroke="alt a" />
  </action>
  <action id="template.create.FolderAssets Folder">
    <keyboard-shortcut first-keystroke="shift ctrl alt a" />
  </action>
  <action id="template.create.XMLLayout XML File">
    <keyboard-shortcut first-keystroke="ctrl alt m" />
  </action>
</keymap>